-- *****************************************************************************
-- TODO:
--   * setup states for census divisions
-- *****************************************************************************







-- *****************************************************************************
-- States
-- *****************************************************************************
INSERT INTO states (state_id, code, name, fips)
     VALUES (dp_get_next_sequence_id("locations"), 'AL', 'Alabama', '01');
INSERT INTO states (state_id, code, name, fips)
     VALUES (dp_get_next_sequence_id("locations"), 'AK', 'Alaska', '02');
INSERT INTO states (state_id, code, name, fips)
     VALUES (dp_get_next_sequence_id("locations"), 'AZ', 'Arizona', '04');
INSERT INTO states (state_id, code, name, fips)
     VALUES (dp_get_next_sequence_id("locations"), 'AR', 'Arkansas', '05');
INSERT INTO states (state_id, code, name, fips)
     VALUES (dp_get_next_sequence_id("locations"), 'CA', 'California', '06');
INSERT INTO states (state_id, code, name, fips)
     VALUES (dp_get_next_sequence_id("locations"), 'CO', 'Colorado', '08');
INSERT INTO states (state_id, code, name, fips)
     VALUES (dp_get_next_sequence_id("locations"), 'CT', 'Connecticut', '09');
INSERT INTO states (state_id, code, name, fips)
     VALUES (dp_get_next_sequence_id("locations"), 'DE', 'Delaware', '10');
INSERT INTO states (state_id, code, name, fips)
     VALUES (dp_get_next_sequence_id("locations"), 'DC', 'District of Columbia', '11');
INSERT INTO states (state_id, code, name, fips)
     VALUES (dp_get_next_sequence_id("locations"), 'FL', 'Florida', '12');
INSERT INTO states (state_id, code, name, fips)
     VALUES (dp_get_next_sequence_id("locations"), 'GA', 'Georgia', '13');
INSERT INTO states (state_id, code, name, fips)
     VALUES (dp_get_next_sequence_id("locations"), 'HI', 'Hawaii', '15');
INSERT INTO states (state_id, code, name, fips)
     VALUES (dp_get_next_sequence_id("locations"), 'ID', 'Idaho', '16');
INSERT INTO states (state_id, code, name, fips)
     VALUES (dp_get_next_sequence_id("locations"), 'IL', 'Illinois', '17');
INSERT INTO states (state_id, code, name, fips)
     VALUES (dp_get_next_sequence_id("locations"), 'IN', 'Indiana', '18');
INSERT INTO states (state_id, code, name, fips)
     VALUES (dp_get_next_sequence_id("locations"), 'IA', 'Iowa', '19');
INSERT INTO states (state_id, code, name, fips)
     VALUES (dp_get_next_sequence_id("locations"), 'KS', 'Kansas', '20');
INSERT INTO states (state_id, code, name, fips)
     VALUES (dp_get_next_sequence_id("locations"), 'KY', 'Kentucky', '21');
INSERT INTO states (state_id, code, name, fips)
     VALUES (dp_get_next_sequence_id("locations"), 'LA', 'Louisiana', '22');
INSERT INTO states (state_id, code, name, fips)
     VALUES (dp_get_next_sequence_id("locations"), 'ME', 'Maine', '23');
INSERT INTO states (state_id, code, name, fips)
     VALUES (dp_get_next_sequence_id("locations"), 'MD', 'Maryland', '24');
INSERT INTO states (state_id, code, name, fips)
     VALUES (dp_get_next_sequence_id("locations"), 'MA', 'Massachusetts', '25');
INSERT INTO states (state_id, code, name, fips)
     VALUES (dp_get_next_sequence_id("locations"), 'MI', 'Michigan', '26');
INSERT INTO states (state_id, code, name, fips)
     VALUES (dp_get_next_sequence_id("locations"), 'MN', 'Minnesota', '27');
INSERT INTO states (state_id, code, name, fips)
     VALUES (dp_get_next_sequence_id("locations"), 'MS', 'Mississippi', '28');
INSERT INTO states (state_id, code, name, fips)
     VALUES (dp_get_next_sequence_id("locations"), 'MO', 'Missouri', '29');
INSERT INTO states (state_id, code, name, fips)
     VALUES (dp_get_next_sequence_id("locations"), 'MT', 'Montana', '30');
INSERT INTO states (state_id, code, name, fips)
     VALUES (dp_get_next_sequence_id("locations"), 'NE', 'Nebraska', '31');
INSERT INTO states (state_id, code, name, fips)
     VALUES (dp_get_next_sequence_id("locations"), 'NV', 'Nevada', '32');
INSERT INTO states (state_id, code, name, fips)
     VALUES (dp_get_next_sequence_id("locations"), 'NH', 'New Hampshire', '33');
INSERT INTO states (state_id, code, name, fips)
     VALUES (dp_get_next_sequence_id("locations"), 'NJ', 'New Jersey', '34');
INSERT INTO states (state_id, code, name, fips)
     VALUES (dp_get_next_sequence_id("locations"), 'NM', 'New Mexico', '35');
INSERT INTO states (state_id, code, name, fips)
     VALUES (dp_get_next_sequence_id("locations"), 'NY', 'New York', '36');
INSERT INTO states (state_id, code, name, fips)
     VALUES (dp_get_next_sequence_id("locations"), 'NC', 'North Carolina', '37');
INSERT INTO states (state_id, code, name, fips)
     VALUES (dp_get_next_sequence_id("locations"), 'ND', 'North Dakota', '38');
INSERT INTO states (state_id, code, name, fips)
     VALUES (dp_get_next_sequence_id("locations"), 'OH', 'Ohio', '39');
INSERT INTO states (state_id, code, name, fips)
     VALUES (dp_get_next_sequence_id("locations"), 'OK', 'Oklahoma', '40');
INSERT INTO states (state_id, code, name, fips)
     VALUES (dp_get_next_sequence_id("locations"), 'OR', 'Oregon', '41');
INSERT INTO states (state_id, code, name, fips)
     VALUES (dp_get_next_sequence_id("locations"), 'PA', 'Pennsylvania', '42');
INSERT INTO states (state_id, code, name, fips)
     VALUES (dp_get_next_sequence_id("locations"), 'RI', 'Rhode Island', '44');
INSERT INTO states (state_id, code, name, fips)
     VALUES (dp_get_next_sequence_id("locations"), 'SC', 'South Carolina', '45');
INSERT INTO states (state_id, code, name, fips)
     VALUES (dp_get_next_sequence_id("locations"), 'SD', 'South Dakota', '46');
INSERT INTO states (state_id, code, name, fips)
     VALUES (dp_get_next_sequence_id("locations"), 'TN', 'Tennessee', '47');
INSERT INTO states (state_id, code, name, fips)
     VALUES (dp_get_next_sequence_id("locations"), 'TX', 'Texas', '48');
INSERT INTO states (state_id, code, name, fips)
     VALUES (dp_get_next_sequence_id("locations"), 'UT', 'Utah', '49');
INSERT INTO states (state_id, code, name, fips)
     VALUES (dp_get_next_sequence_id("locations"), 'VT', 'Vermont', '50');
INSERT INTO states (state_id, code, name, fips)
     VALUES (dp_get_next_sequence_id("locations"), 'VA', 'Virginia', '51');
INSERT INTO states (state_id, code, name, fips)
     VALUES (dp_get_next_sequence_id("locations"), 'WA', 'Washington', '53');
INSERT INTO states (state_id, code, name, fips)
     VALUES (dp_get_next_sequence_id("locations"), 'WV', 'West Virginia', '54');
INSERT INTO states (state_id, code, name, fips)
     VALUES (dp_get_next_sequence_id("locations"), 'WI', 'Wisconsin', '55');
INSERT INTO states (state_id, code, name, fips)
     VALUES (dp_get_next_sequence_id("locations"), 'WY', 'Wyoming', '56');

-- *****************************************************************************
-- States: Armed Forces
-- *****************************************************************************
INSERT INTO states (state_id, code, name, fips)
     VALUES (dp_get_next_sequence_id("locations"), 'AA', 'Armed Forces - Americas', '00');
INSERT INTO states (state_id, code, name, fips)
     VALUES (dp_get_next_sequence_id("locations"), 'AE', 'Armed Forces - Europe', '00');
INSERT INTO states (state_id, code, name, fips)
     VALUES (dp_get_next_sequence_id("locations"), 'AP', 'Armed Forces - Pacific', '00');

-- *****************************************************************************
-- States: Territories
-- *****************************************************************************
INSERT INTO states (state_id, code, name, fips)
     VALUES (dp_get_next_sequence_id("locations"), 'AS', 'American Samoa', '60');
INSERT INTO states (state_id, code, name, fips)
     VALUES (dp_get_next_sequence_id("locations"), 'FM', 'Federated States of Micronesia', '64');
INSERT INTO states (state_id, code, name, fips)
     VALUES (dp_get_next_sequence_id("locations"), 'GU', 'Guam', '66');
INSERT INTO states (state_id, code, name, fips)
     VALUES (dp_get_next_sequence_id("locations"), 'MH', 'Marshall Islands', '68');
INSERT INTO states (state_id, code, name, fips)
     VALUES (dp_get_next_sequence_id("locations"), 'MP', 'Northern Mariana Islands', '69');
INSERT INTO states (state_id, code, name, fips)
     VALUES (dp_get_next_sequence_id("locations"), 'PW', 'Palau', '70');
INSERT INTO states (state_id, code, name, fips)
     VALUES (dp_get_next_sequence_id("locations"), 'PR', 'Puerto Rico', '72');
INSERT INTO states (state_id, code, name, fips)
     VALUES (dp_get_next_sequence_id("locations"), 'UM', 'U.S. Minor Outlying Islands', '74');
INSERT INTO states (state_id, code, name, fips)
     VALUES (dp_get_next_sequence_id("locations"), 'VI', 'Virgin Islands of the U.S.', '78');




-- *****************************************************************************
-- Region: Census Bureau-designated areas
-- *****************************************************************************
INSERT INTO region_def (region_def_id, code, name)
     VALUES (1, 'census', 'Census Bureau-designated areas');

-- *****************************************************************************
-- Region: Census Bureau-designated areas (Region 1)
-- *****************************************************************************
INSERT INTO regions (region_id, code, name, region_def_id, parent_region_id)
     VALUES (dp_get_next_sequence_id("locations"), '1', 'Northeast', 1, NULL);

INSERT INTO regions (region_id, code, name, region_def_id, parent_region_id)
     SELECT dp_get_next_sequence_id("locations"), '1', 'New England', 1, region_id
       FROM regions
      WHERE region_def_id = 1 AND code = '1' AND parent_region_id IS NULL;
INSERT INTO regions (region_id, code, name, region_def_id, parent_region_id)
     SELECT dp_get_next_sequence_id("locations"), '2', 'Mid-Atlantic', 1, region_id
       FROM regions
      WHERE region_def_id = 1 AND code = '1' AND parent_region_id IS NULL;

-- *****************************************************************************
-- Region: Census Bureau-designated areas (Region 2)
-- *****************************************************************************
INSERT INTO regions (region_id, code, name, region_def_id, parent_region_id)
     VALUES (dp_get_next_sequence_id("locations"), '2', 'Midwest', 1, NULL);

INSERT INTO regions (region_id, code, name, region_def_id, parent_region_id)
     SELECT dp_get_next_sequence_id("locations"), '3', 'East North Central', 1, region_id
       FROM regions
      WHERE region_def_id = 1 AND code = '2' AND parent_region_id IS NULL;
INSERT INTO regions (region_id, code, name, region_def_id, parent_region_id)
     SELECT dp_get_next_sequence_id("locations"), '4', 'West North Central', 1, region_id
       FROM regions
      WHERE region_def_id = 1 AND code = '2' AND parent_region_id IS NULL;

-- *****************************************************************************
-- Region: Census Bureau-designated areas (Region 3)
-- *****************************************************************************
INSERT INTO regions (region_id, code, name, region_def_id, parent_region_id)
     VALUES (dp_get_next_sequence_id("locations"), '3', 'South', 1, NULL);

INSERT INTO regions (region_id, code, name, region_def_id, parent_region_id)
     SELECT dp_get_next_sequence_id("locations"), '5', 'South Atlantic', 1, region_id
       FROM regions
      WHERE region_def_id = 1 AND code = '3' AND parent_region_id IS NULL;
INSERT INTO regions (region_id, code, name, region_def_id, parent_region_id)
     SELECT dp_get_next_sequence_id("locations"), '6', 'East South Central', 1, region_id
       FROM regions
      WHERE region_def_id = 1 AND code = '3' AND parent_region_id IS NULL;
INSERT INTO regions (region_id, code, name, region_def_id, parent_region_id)
     SELECT dp_get_next_sequence_id("locations"), '7', 'West South Central', 1, region_id
       FROM regions
      WHERE region_def_id = 1 AND code = '3' AND parent_region_id IS NULL;

-- *****************************************************************************
-- Region: Census Bureau-designated areas (Region 4)
-- *****************************************************************************
INSERT INTO regions (region_id, code, name, region_def_id, parent_region_id)
     VALUES (dp_get_next_sequence_id("locations"), '4', 'West', 1, NULL);

INSERT INTO regions (region_id, code, name, region_def_id, parent_region_id)
     SELECT dp_get_next_sequence_id("locations"), '8', 'Mountain', 1, region_id
       FROM regions
      WHERE region_def_id = 1 AND code = '4' AND parent_region_id IS NULL;
INSERT INTO regions (region_id, code, name, region_def_id, parent_region_id)
     SELECT dp_get_next_sequence_id("locations"), '9', 'Pacific', 1, region_id
       FROM regions
      WHERE region_def_id = 1 AND code = '4' AND parent_region_id IS NULL;




-- *****************************************************************************
-- Region: Standard Federal Regions
-- *****************************************************************************
INSERT INTO region_def (region_def_id, code, name)
     VALUES (2, 'federal', 'Standard Federal Regions');

-- *****************************************************************************
-- Region: Standard Federal Regions (Region I)
-- *****************************************************************************
INSERT INTO regions (region_id, code, name, region_def_id, parent_region_id)
     VALUES (dp_get_next_sequence_id("locations"), 'I', 'Region I', 2, NULL);

INSERT INTO region_states (region_id, state_id)
     SELECT r.region_id, s.state_id
       FROM regions r, states s
      WHERE r.code = 'I' AND r.region_def_id = 2 AND s.name = 'Connecticut';
INSERT INTO region_states (region_id, state_id)
     SELECT r.region_id, s.state_id
       FROM regions r, states s
      WHERE r.code = 'I' AND r.region_def_id = 2 AND s.name = 'Maine';
INSERT INTO region_states (region_id, state_id)
     SELECT r.region_id, s.state_id
       FROM regions r, states s
      WHERE r.code = 'I' AND r.region_def_id = 2 AND s.name = 'Massachusetts';
INSERT INTO region_states (region_id, state_id)
     SELECT r.region_id, s.state_id
       FROM regions r, states s
      WHERE r.code = 'I' AND r.region_def_id = 2 AND s.name = 'New Hampshire';
INSERT INTO region_states (region_id, state_id)
     SELECT r.region_id, s.state_id
       FROM regions r, states s
      WHERE r.code = 'I' AND r.region_def_id = 2 AND s.name = 'Rhode Island';
INSERT INTO region_states (region_id, state_id)
     SELECT r.region_id, s.state_id
       FROM regions r, states s
      WHERE r.code = 'I' AND r.region_def_id = 2 AND s.name = 'Vermont';

-- *****************************************************************************
-- Region: Standard Federal Regions (Region II)
-- *****************************************************************************
INSERT INTO regions (region_id, code, name, region_def_id, parent_region_id)
     VALUES (dp_get_next_sequence_id("locations"), 'II', 'Region II', 2, NULL);

INSERT INTO region_states (region_id, state_id)
     SELECT r.region_id, s.state_id
       FROM regions r, states s
      WHERE r.code = 'II' AND r.region_def_id = 2 AND s.name = 'New Jersey';
INSERT INTO region_states (region_id, state_id)
     SELECT r.region_id, s.state_id
       FROM regions r, states s
      WHERE r.code = 'II' AND r.region_def_id = 2 AND s.name = 'New York';
INSERT INTO region_states (region_id, state_id)
     SELECT r.region_id, s.state_id
       FROM regions r, states s
      WHERE r.code = 'II' AND r.region_def_id = 2 AND s.name = 'Puerto Rico';
INSERT INTO region_states (region_id, state_id)
     SELECT r.region_id, s.state_id
       FROM regions r, states s
      WHERE r.code = 'II' AND r.region_def_id = 2 AND s.name = 'Virgin Islands';
INSERT INTO region_states (region_id, state_id)
     SELECT r.region_id, s.state_id
       FROM regions r, states s
      WHERE r.code = 'II' AND r.region_def_id = 2 AND s.name = 'Armed Forces - Americas';
INSERT INTO region_states (region_id, state_id)
     SELECT r.region_id, s.state_id
       FROM regions r, states s
      WHERE r.code = 'II' AND r.region_def_id = 2 AND s.name = 'Armed Forces - Europe';

-- *****************************************************************************
-- Region: Standard Federal Regions (Region III)
-- *****************************************************************************
INSERT INTO regions (region_id, code, name, region_def_id, parent_region_id)
     VALUES (dp_get_next_sequence_id("locations"), 'III', 'Region III', 2, NULL);

INSERT INTO region_states (region_id, state_id)
     SELECT r.region_id, s.state_id
       FROM regions r, states s
      WHERE r.code = 'III' AND r.region_def_id = 2 AND s.name = 'Delaware';
INSERT INTO region_states (region_id, state_id)
     SELECT r.region_id, s.state_id
       FROM regions r, states s
      WHERE r.code = 'III' AND r.region_def_id = 2 AND s.name = 'District of Columbia';
INSERT INTO region_states (region_id, state_id)
     SELECT r.region_id, s.state_id
       FROM regions r, states s
      WHERE r.code = 'III' AND r.region_def_id = 2 AND s.name = 'Maryland';
INSERT INTO region_states (region_id, state_id)
     SELECT r.region_id, s.state_id
       FROM regions r, states s
      WHERE r.code = 'III' AND r.region_def_id = 2 AND s.name = 'Pennsylvania';
INSERT INTO region_states (region_id, state_id)
     SELECT r.region_id, s.state_id
       FROM regions r, states s
      WHERE r.code = 'III' AND r.region_def_id = 2 AND s.name = 'Virginia';
INSERT INTO region_states (region_id, state_id)
     SELECT r.region_id, s.state_id
       FROM regions r, states s
      WHERE r.code = 'III' AND r.region_def_id = 2 AND s.name = 'West Virginia';

-- *****************************************************************************
-- Region: Standard Federal Regions (Region IV)
-- *****************************************************************************
INSERT INTO regions (region_id, code, name, region_def_id, parent_region_id)
     VALUES (dp_get_next_sequence_id("locations"), 'IV', 'Region IV', 2, NULL);

INSERT INTO region_states (region_id, state_id)
     SELECT r.region_id, s.state_id
       FROM regions r, states s
      WHERE r.code = 'IV' AND r.region_def_id = 2 AND s.name = 'Alabama';
INSERT INTO region_states (region_id, state_id)
     SELECT r.region_id, s.state_id
       FROM regions r, states s
      WHERE r.code = 'IV' AND r.region_def_id = 2 AND s.name = 'Florida';
INSERT INTO region_states (region_id, state_id)
     SELECT r.region_id, s.state_id
       FROM regions r, states s
      WHERE r.code = 'IV' AND r.region_def_id = 2 AND s.name = 'Georgia';
INSERT INTO region_states (region_id, state_id)
     SELECT r.region_id, s.state_id
       FROM regions r, states s
      WHERE r.code = 'IV' AND r.region_def_id = 2 AND s.name = 'Kentucky';
INSERT INTO region_states (region_id, state_id)
     SELECT r.region_id, s.state_id
       FROM regions r, states s
      WHERE r.code = 'IV' AND r.region_def_id = 2 AND s.name = 'Mississippi';
INSERT INTO region_states (region_id, state_id)
     SELECT r.region_id, s.state_id
       FROM regions r, states s
      WHERE r.code = 'IV' AND r.region_def_id = 2 AND s.name = 'North Carolina';
INSERT INTO region_states (region_id, state_id)
     SELECT r.region_id, s.state_id
       FROM regions r, states s
      WHERE r.code = 'IV' AND r.region_def_id = 2 AND s.name = 'South Carolina';
INSERT INTO region_states (region_id, state_id)
     SELECT r.region_id, s.state_id
       FROM regions r, states s
      WHERE r.code = 'IV' AND r.region_def_id = 2 AND s.name = 'Tennessee';

-- *****************************************************************************
-- Region: Standard Federal Regions (Region V)
-- *****************************************************************************
INSERT INTO regions (region_id, code, name, region_def_id, parent_region_id)
     VALUES (dp_get_next_sequence_id("locations"), 'V', 'Region V', 2, NULL);

INSERT INTO region_states (region_id, state_id)
     SELECT r.region_id, s.state_id
       FROM regions r, states s
      WHERE r.code = 'V' AND r.region_def_id = 2 AND s.name = 'Illinois';
INSERT INTO region_states (region_id, state_id)
     SELECT r.region_id, s.state_id
       FROM regions r, states s
      WHERE r.code = 'V' AND r.region_def_id = 2 AND s.name = 'Indiana';
INSERT INTO region_states (region_id, state_id)
     SELECT r.region_id, s.state_id
       FROM regions r, states s
      WHERE r.code = 'V' AND r.region_def_id = 2 AND s.name = 'Michigan';
INSERT INTO region_states (region_id, state_id)
     SELECT r.region_id, s.state_id
       FROM regions r, states s
      WHERE r.code = 'V' AND r.region_def_id = 2 AND s.name = 'Minnesota';
INSERT INTO region_states (region_id, state_id)
     SELECT r.region_id, s.state_id
       FROM regions r, states s
      WHERE r.code = 'V' AND r.region_def_id = 2 AND s.name = 'Ohio';
INSERT INTO region_states (region_id, state_id)
     SELECT r.region_id, s.state_id
       FROM regions r, states s
      WHERE r.code = 'V' AND r.region_def_id = 2 AND s.name = 'Wisconsin';

-- *****************************************************************************
-- Region: Standard Federal Regions (Region VI)
-- *****************************************************************************
INSERT INTO regions (region_id, code, name, region_def_id, parent_region_id)
     VALUES (dp_get_next_sequence_id("locations"), 'VI', 'Region VI', 2, NULL);

INSERT INTO region_states (region_id, state_id)
     SELECT r.region_id, s.state_id
       FROM regions r, states s
      WHERE r.code = 'VI' AND r.region_def_id = 2 AND s.name = 'Arkansas';
INSERT INTO region_states (region_id, state_id)
     SELECT r.region_id, s.state_id
       FROM regions r, states s
      WHERE r.code = 'VI' AND r.region_def_id = 2 AND s.name = 'Louisiana';
INSERT INTO region_states (region_id, state_id)
     SELECT r.region_id, s.state_id
       FROM regions r, states s
      WHERE r.code = 'VI' AND r.region_def_id = 2 AND s.name = 'New Mexico';
INSERT INTO region_states (region_id, state_id)
     SELECT r.region_id, s.state_id
       FROM regions r, states s
      WHERE r.code = 'VI' AND r.region_def_id = 2 AND s.name = 'Oklahoma';
INSERT INTO region_states (region_id, state_id)
     SELECT r.region_id, s.state_id
       FROM regions r, states s
      WHERE r.code = 'VI' AND r.region_def_id = 2 AND s.name = 'Texas';

-- *****************************************************************************
-- Region: Standard Federal Regions (Region VII)
-- *****************************************************************************
INSERT INTO regions (region_id, code, name, region_def_id, parent_region_id)
     VALUES (dp_get_next_sequence_id("locations"), 'VII', 'Region VII', 2, NULL);

INSERT INTO region_states (region_id, state_id)
     SELECT r.region_id, s.state_id
       FROM regions r, states s
      WHERE r.code = 'VII' AND r.region_def_id = 2 AND s.name = 'Iowa';
INSERT INTO region_states (region_id, state_id)
     SELECT r.region_id, s.state_id
       FROM regions r, states s
      WHERE r.code = 'VII' AND r.region_def_id = 2 AND s.name = 'Kansas';
INSERT INTO region_states (region_id, state_id)
     SELECT r.region_id, s.state_id
       FROM regions r, states s
      WHERE r.code = 'VII' AND r.region_def_id = 2 AND s.name = 'Missouri';
INSERT INTO region_states (region_id, state_id)
     SELECT r.region_id, s.state_id
       FROM regions r, states s
      WHERE r.code = 'VII' AND r.region_def_id = 2 AND s.name = 'Nebraska';

-- *****************************************************************************
-- Region: Standard Federal Regions (Region VIII)
-- *****************************************************************************
INSERT INTO regions (region_id, code, name, region_def_id, parent_region_id)
     VALUES (dp_get_next_sequence_id("locations"), 'VIII', 'Region VIII', 2, NULL);

INSERT INTO region_states (region_id, state_id)
     SELECT r.region_id, s.state_id
       FROM regions r, states s
      WHERE r.code = 'VIII' AND r.region_def_id = 2 AND s.name = 'Colorado';
INSERT INTO region_states (region_id, state_id)
     SELECT r.region_id, s.state_id
       FROM regions r, states s
      WHERE r.code = 'VIII' AND r.region_def_id = 2 AND s.name = 'Montana';
INSERT INTO region_states (region_id, state_id)
     SELECT r.region_id, s.state_id
       FROM regions r, states s
      WHERE r.code = 'VIII' AND r.region_def_id = 2 AND s.name = 'North Dakota';
INSERT INTO region_states (region_id, state_id)
     SELECT r.region_id, s.state_id
       FROM regions r, states s
      WHERE r.code = 'VIII' AND r.region_def_id = 2 AND s.name = 'South Dakota';
INSERT INTO region_states (region_id, state_id)
     SELECT r.region_id, s.state_id
       FROM regions r, states s
      WHERE r.code = 'VIII' AND r.region_def_id = 2 AND s.name = 'Utah';
INSERT INTO region_states (region_id, state_id)
     SELECT r.region_id, s.state_id
       FROM regions r, states s
      WHERE r.code = 'VIII' AND r.region_def_id = 2 AND s.name = 'Wyoming';

-- *****************************************************************************
-- Region: Standard Federal Regions (Region IX)
-- *****************************************************************************
INSERT INTO regions (region_id, code, name, region_def_id, parent_region_id)
     VALUES (dp_get_next_sequence_id("locations"), 'IX', 'Region IX', 2, NULL);

INSERT INTO region_states (region_id, state_id)
     SELECT r.region_id, s.state_id
       FROM regions r, states s
      WHERE r.code = 'IX' AND r.region_def_id = 2 AND s.name = 'Arizona';
INSERT INTO region_states (region_id, state_id)
     SELECT r.region_id, s.state_id
       FROM regions r, states s
      WHERE r.code = 'IX' AND r.region_def_id = 2 AND s.name = 'California';
INSERT INTO region_states (region_id, state_id)
     SELECT r.region_id, s.state_id
       FROM regions r, states s
      WHERE r.code = 'IX' AND r.region_def_id = 2 AND s.name = 'Hawaii';
INSERT INTO region_states (region_id, state_id)
     SELECT r.region_id, s.state_id
       FROM regions r, states s
      WHERE r.code = 'IX' AND r.region_def_id = 2 AND s.name = 'Nevada';
INSERT INTO region_states (region_id, state_id)
     SELECT r.region_id, s.state_id
       FROM regions r, states s
      WHERE r.code = 'IX' AND r.region_def_id = 2 AND s.name = 'Armed Forces - Pacific';
INSERT INTO region_states (region_id, state_id)
     SELECT r.region_id, s.state_id
       FROM regions r, states s
      WHERE r.code = 'IX' AND r.region_def_id = 2 AND s.name = 'American Samoa';
INSERT INTO region_states (region_id, state_id)
     SELECT r.region_id, s.state_id
       FROM regions r, states s
      WHERE r.code = 'IX' AND r.region_def_id = 2 AND s.name = 'Guam';
INSERT INTO region_states (region_id, state_id)
     SELECT r.region_id, s.state_id
       FROM regions r, states s
      WHERE r.code = 'IX' AND r.region_def_id = 2 AND s.name = 'Northern Mariana Islands';
INSERT INTO region_states (region_id, state_id)
     SELECT r.region_id, s.state_id
       FROM regions r, states s
      WHERE r.code = 'IX' AND r.region_def_id = 2 AND s.name = 'Marshall Islands';
INSERT INTO region_states (region_id, state_id)
     SELECT r.region_id, s.state_id
       FROM regions r, states s
      WHERE r.code = 'IX' AND r.region_def_id = 2 AND s.name = 'Federated States of Micronesia';
INSERT INTO region_states (region_id, state_id)
     SELECT r.region_id, s.state_id
       FROM regions r, states s
      WHERE r.code = 'IX' AND r.region_def_id = 2 AND s.name = 'U.S. Minor Outlying Islands';
INSERT INTO region_states (region_id, state_id)
     SELECT r.region_id, s.state_id
       FROM regions r, states s
      WHERE r.code = 'IX' AND r.region_def_id = 2 AND s.name = 'Palau';


-- *****************************************************************************
-- Region: Standard Federal Regions (Region X)
-- *****************************************************************************
INSERT INTO regions (region_id, code, name, region_def_id, parent_region_id)
     VALUES (dp_get_next_sequence_id("locations"), 'X', 'Region X', 2, NULL);

INSERT INTO region_states (region_id, state_id)
     SELECT r.region_id, s.state_id
       FROM regions r, states s
      WHERE r.code = 'X' AND r.region_def_id = 2 AND s.name = 'Alaska';
INSERT INTO region_states (region_id, state_id)
     SELECT r.region_id, s.state_id
       FROM regions r, states s
      WHERE r.code = 'X' AND r.region_def_id = 2 AND s.name = 'Idaho';
INSERT INTO region_states (region_id, state_id)
     SELECT r.region_id, s.state_id
       FROM regions r, states s
      WHERE r.code = 'X' AND r.region_def_id = 2 AND s.name = 'Oregon';
INSERT INTO region_states (region_id, state_id)
     SELECT r.region_id, s.state_id
       FROM regions r, states s
      WHERE r.code = 'X' AND r.region_def_id = 2 AND s.name = 'Washington';
